natural_key,date,time,province,temp,cloud_description,min_temp,max_temp,humidity,vision,wind_spd,uv_index,atmosphere_quality
HAGIANG121020222059,12/10/2022,20:59,Hà Giang,22,Nhiều mây Cảm giác như 22°.,17,30,0.82,10 km,0.29 ,0,Kém
HAGIANG121020222100,12/10/2022,21:00,Hà Giang,null,Nhiều mây,22,22,0.82,10 km,0.29 ,0
HAGIANG121020222200,12/10/2022,22:00,Hà Giang,null,Nhiều mây,22,22,0.83,10 km,0.55 ,0
HAGIANG121020222300,12/10/2022,23:00,Hà Giang,null,Nhiều mây,22,22,0.84,10 km,0.42 ,0
HAGIANG131020220100,13/10/2022,01:00,Hà Giang,null,Nhiều mây,17,30,0.86,10 km,0.13 ,null
HAGIANG131020220400,13/10/2022,04:00,Hà Giang,null,Nhiều mây,17,30,0.87,10 km,0.46 ,null
HAGIANG131020220700,13/10/2022,07:00,Hà Giang,null,Nhiều mây,17,30,0.85,10 km,0.21 ,null
HAGIANG131020221000,13/10/2022,10:00,Hà Giang,null,Mây rải rác,17,30,0.56,10 km,0.95 ,null
HAGIANG131020221300,13/10/2022,13:00,Hà Giang,null,Mây rải rác,17,30,0.47,10 km,1.03 ,null
HAGIANG131020221600,13/10/2022,16:00,Hà Giang,null,Mây cụm,17,30,0.58,10 km,0.29 ,null
HAGIANG131020221900,13/10/2022,19:00,Hà Giang,null,Mây cụm,17,30,0.72,10 km,0.05 ,null
HAGIANG131020222200,13/10/2022,22:00,Hà Giang,null,Mây cụm,17,30,0.82,10 km,0.5 ,null
CAOBANG121020222059,12/10/2022,20:59,Cao Bằng,18,Mây cụm Cảm giác như 18°.,16,29,0.66,10 km,1.26 ,0,Rất kém
CAOBANG121020222100,12/10/2022,21:00,Cao Bằng,null,Mây cụm,18,18,0.66,10 km,1.26 ,0
CAOBANG121020222200,12/10/2022,22:00,Cao Bằng,null,Mây cụm,18,18,0.67,10 km,1.26 ,0
CAOBANG121020222300,12/10/2022,23:00,Cao Bằng,null,Mây cụm,18,18,0.67,10 km,1.17 ,0
CAOBANG131020220100,13/10/2022,01:00,Cao Bằng,null,Mây cụm,16,29,0.67,10 km,1.27 ,null
CAOBANG131020220400,13/10/2022,04:00,Cao Bằng,null,Mây rải rác,16,29,0.67,10 km,1.33 ,null
CAOBANG131020220700,13/10/2022,07:00,Cao Bằng,null,Bầu trời quang đãng,16,29,0.67,10 km,1.21 ,null
CAOBANG131020221000,13/10/2022,10:00,Cao Bằng,null,Bầu trời quang đãng,16,29,0.35,10 km,1.34 ,null
CAOBANG131020221300,13/10/2022,13:00,Cao Bằng,null,Bầu trời quang đãng,16,29,0.32,10 km,1.73 ,null
CAOBANG131020221600,13/10/2022,16:00,Cao Bằng,null,Bầu trời quang đãng,16,29,0.47,10 km,1.51 ,null
CAOBANG131020221900,13/10/2022,19:00,Cao Bằng,null,Bầu trời quang đãng,16,29,0.63,10 km,1.07 ,null
CAOBANG131020222200,13/10/2022,22:00,Cao Bằng,null,Bầu trời quang đãng,16,29,0.66,10 km,1.71 ,null
BACKAN121020222059,12/10/2022,20:59,Bắc Kạn,19,Mây cụm Cảm giác như 18°.,16,30,0.69,10 km,1.46 ,0,Rất kém
BACKAN121020222100,12/10/2022,21:00,Bắc Kạn,null,Mây cụm,19,18,0.69,10 km,1.46 ,0
BACKAN121020222200,12/10/2022,22:00,Bắc Kạn,null,Mây cụm,19,18,0.68,10 km,1.38 ,0
BACKAN121020222300,12/10/2022,23:00,Bắc Kạn,null,Mây cụm,18,18,0.68,10 km,1.3 ,0
BACKAN131020220100,13/10/2022,01:00,Bắc Kạn,null,Mây cụm,16,30,0.68,10 km,1.12 ,null
BACKAN131020220400,13/10/2022,04:00,Bắc Kạn,null,Mây rải rác,16,30,0.69,10 km,1.28 ,null
BACKAN131020220700,13/10/2022,07:00,Bắc Kạn,null,Mây thưa,16,30,0.68,10 km,0.98 ,null
BACKAN131020221000,13/10/2022,10:00,Bắc Kạn,null,Bầu trời quang đãng,16,30,0.34,10 km,1.47 ,null
BACKAN131020221300,13/10/2022,13:00,Bắc Kạn,null,Bầu trời quang đãng,16,30,0.3,10 km,1.63 ,null
BACKAN131020221600,13/10/2022,16:00,Bắc Kạn,null,Bầu trời quang đãng,16,30,0.44,10 km,1.64 ,null
BACKAN131020221900,13/10/2022,19:00,Bắc Kạn,null,Bầu trời quang đãng,16,30,0.66,10 km,1.44 ,null
BACKAN131020222200,13/10/2022,22:00,Bắc Kạn,null,Bầu trời quang đãng,16,30,0.67,10 km,1.4 ,null
TUYENQUANG121020222059,12/10/2022,20:59,Tuyên Quang,21,Mây cụm Cảm giác như 21°.,17,31,0.67,10 km,0.59 ,0,Kém
TUYENQUANG121020222100,12/10/2022,21:00,Tuyên Quang,null,Mây cụm,21,21,0.67,10 km,0.59 ,0
TUYENQUANG121020222200,12/10/2022,22:00,Tuyên Quang,null,Mây cụm,21,20,0.67,10 km,0.58 ,0
TUYENQUANG121020222300,12/10/2022,23:00,Tuyên Quang,null,Mây cụm,20,20,0.68,10 km,0.62 ,0
TUYENQUANG131020220100,13/10/2022,01:00,Tuyên Quang,null,Mây cụm,17,31,0.68,10 km,0.48 ,null
TUYENQUANG131020220400,13/10/2022,04:00,Tuyên Quang,null,Mây cụm,17,31,0.71,10 km,0.7 ,null
TUYENQUANG131020220700,13/10/2022,07:00,Tuyên Quang,null,Mây rải rác,17,31,0.72,10 km,0.64 ,null
TUYENQUANG131020221000,13/10/2022,10:00,Tuyên Quang,null,Bầu trời quang đãng,17,31,0.44,10 km,0.08 ,null
TUYENQUANG131020221300,13/10/2022,13:00,Tuyên Quang,null,Bầu trời quang đãng,17,31,0.36,10 km,0.71 ,null
TUYENQUANG131020221600,13/10/2022,16:00,Tuyên Quang,null,Bầu trời quang đãng,17,31,0.45,10 km,0.89 ,null
TUYENQUANG131020221900,13/10/2022,19:00,Tuyên Quang,null,Mây thưa,17,31,0.68,10 km,0.66 ,null
TUYENQUANG131020222200,13/10/2022,22:00,Tuyên Quang,null,Mây rải rác,17,31,0.71,10 km,0.82 ,null
THAINGUYEN121020222059,12/10/2022,20:59,Thái Nguyên,24,Mây rải rác Cảm giác như 24°.,18,31,0.62,10 km,1 ,0,Rất kém
THAINGUYEN121020222100,12/10/2022,21:00,Thái Nguyên,null,Mây rải rác,25,25,0.62,10 km,1 ,0
THAINGUYEN121020222200,12/10/2022,22:00,Thái Nguyên,null,Mây rải rác,24,24,0.63,10 km,0.59 ,0
THAINGUYEN121020222300,12/10/2022,23:00,Thái Nguyên,null,Mây rải rác,23,23,0.64,10 km,0.56 ,0
THAINGUYEN131020220100,13/10/2022,01:00,Thái Nguyên,null,Mây cụm,18,31,0.65,10 km,1.23 ,null
THAINGUYEN131020220400,13/10/2022,04:00,Thái Nguyên,null,Mây cụm,18,31,0.66,10 km,1.88 ,null
THAINGUYEN131020220700,13/10/2022,07:00,Thái Nguyên,null,Mây rải rác,18,31,0.65,10 km,1.77 ,null
THAINGUYEN131020221000,13/10/2022,10:00,Thái Nguyên,null,Bầu trời quang đãng,18,31,0.36,10 km,1.61 ,null
THAINGUYEN131020221300,13/10/2022,13:00,Thái Nguyên,null,Bầu trời quang đãng,18,31,0.3,10 km,0.92 ,null
THAINGUYEN131020221600,13/10/2022,16:00,Thái Nguyên,null,Bầu trời quang đãng,18,31,0.38,10 km,1.09 ,null
THAINGUYEN131020221900,13/10/2022,19:00,Thái Nguyên,null,Bầu trời quang đãng,18,31,0.55,10 km,1.42 ,null
THAINGUYEN131020222200,13/10/2022,22:00,Thái Nguyên,null,Bầu trời quang đãng,18,31,0.59,10 km,2.04 ,null
LANGSON121020222059,12/10/2022,20:59,Lạng Sơn,19,Mây rải rác Cảm giác như 18°.,16,27,0.59,10 km,1.28 ,0,Rất kém
LANGSON121020222100,12/10/2022,21:00,Lạng Sơn,null,Mây rải rác,19,18,0.59,10 km,1.29 ,0
LANGSON121020222200,12/10/2022,22:00,Lạng Sơn,null,Mây rải rác,19,18,0.59,10 km,1.21 ,0
LANGSON121020222300,12/10/2022,23:00,Lạng Sơn,null,Mây rải rác,18,18,0.6,10 km,1.46 ,0
LANGSON131020220100,13/10/2022,01:00,Lạng Sơn,null,Mây cụm,16,27,0.6,10 km,1.35 ,null
LANGSON131020220400,13/10/2022,04:00,Lạng Sơn,null,Mây rải rác,16,27,0.63,10 km,1.6 ,null
LANGSON131020220700,13/10/2022,07:00,Lạng Sơn,null,Mây rải rác,16,27,0.64,10 km,1.45 ,null
LANGSON131020221000,13/10/2022,10:00,Lạng Sơn,null,Bầu trời quang đãng,16,27,0.38,10 km,2.46 ,null
LANGSON131020221300,13/10/2022,13:00,Lạng Sơn,null,Bầu trời quang đãng,16,27,0.33,10 km,2.61 ,null
LANGSON131020221600,13/10/2022,16:00,Lạng Sơn,null,Bầu trời quang đãng,16,27,0.44,10 km,2.49 ,null
LANGSON131020221900,13/10/2022,19:00,Lạng Sơn,null,Bầu trời quang đãng,16,27,0.53,10 km,1.6 ,null
LANGSON131020222200,13/10/2022,22:00,Lạng Sơn,null,Bầu trời quang đãng,16,27,0.56,10 km,1.71 ,null
QUANGNINH121020222059,12/10/2022,20:59,Quảng Ninh,20,Mây thưa Cảm giác như 20°.,17,31,0.62,10 km,1.33 ,0,Rất kém
QUANGNINH121020222100,12/10/2022,21:00,Quảng Ninh,null,Mây thưa,20,20,0.62,10 km,1.33 ,0
QUANGNINH121020222200,12/10/2022,22:00,Quảng Ninh,null,Mây thưa,20,20,0.63,10 km,1.14 ,0
QUANGNINH121020222300,12/10/2022,23:00,Quảng Ninh,null,Mây thưa,20,20,0.64,10 km,1.29 ,0
QUANGNINH131020220100,13/10/2022,01:00,Quảng Ninh,null,Mây thưa,17,31,0.65,10 km,1.61 ,null
QUANGNINH131020220400,13/10/2022,04:00,Quảng Ninh,null,Mây cụm,17,31,0.66,10 km,1.85 ,null
QUANGNINH131020220700,13/10/2022,07:00,Quảng Ninh,null,Mây cụm,17,31,0.62,10 km,1.39 ,null
QUANGNINH131020221000,13/10/2022,10:00,Quảng Ninh,null,Bầu trời quang đãng,17,31,0.35,10 km,0.56 ,null
QUANGNINH131020221300,13/10/2022,13:00,Quảng Ninh,null,Bầu trời quang đãng,17,31,0.31,10 km,1.65 ,null
QUANGNINH131020221600,13/10/2022,16:00,Quảng Ninh,null,Bầu trời quang đãng,17,31,0.43,10 km,2.55 ,null
QUANGNINH131020221900,13/10/2022,19:00,Quảng Ninh,null,Bầu trời quang đãng,17,31,0.6,10 km,0.96 ,null
QUANGNINH131020222200,13/10/2022,22:00,Quảng Ninh,null,Bầu trời quang đãng,17,31,0.63,10 km,1.6 ,null
BACGIANG121020222059,12/10/2022,20:59,Bắc Giang,24,Mây thưa Cảm giác như 24°.,18,30,0.6,10 km,1.87 ,0,Rất kém
BACGIANG121020222100,12/10/2022,21:00,Bắc Giang,null,Mây thưa,25,25,0.6,10 km,1.87 ,0
BACGIANG121020222200,12/10/2022,22:00,Bắc Giang,null,Mây thưa,24,24,0.61,10 km,1 ,0
BACGIANG121020222300,12/10/2022,23:00,Bắc Giang,null,Mây thưa,23,23,0.61,10 km,1.23 ,0
BACGIANG131020220100,13/10/2022,01:00,Bắc Giang,null,Mây rải rác,18,30,0.62,10 km,1.99 ,null
BACGIANG131020220400,13/10/2022,04:00,Bắc Giang,null,Mây cụm,18,30,0.62,10 km,2.15 ,null
BACGIANG131020220700,13/10/2022,07:00,Bắc Giang,null,Mây cụm,18,30,0.62,10 km,2.1 ,null
BACGIANG131020221000,13/10/2022,10:00,Bắc Giang,null,Bầu trời quang đãng,18,30,0.39,10 km,3.14 ,null
BACGIANG131020221300,13/10/2022,13:00,Bắc Giang,null,Bầu trời quang đãng,18,30,0.33,10 km,3.2 ,null
BACGIANG131020221600,13/10/2022,16:00,Bắc Giang,null,Bầu trời quang đãng,18,30,0.38,10 km,2.88 ,null
BACGIANG131020221900,13/10/2022,19:00,Bắc Giang,null,Bầu trời quang đãng,18,30,0.49,10 km,3.1 ,null
BACGIANG131020222200,13/10/2022,22:00,Bắc Giang,null,Bầu trời quang đãng,18,30,0.57,10 km,0.95 ,null
PHUTHO121020222059,12/10/2022,20:59,Phú Thọ,22,Mây rải rác Cảm giác như 22°.,18,30,0.67,10 km,1.07 ,0,Rất kém
PHUTHO121020222100,12/10/2022,21:00,Phú Thọ,null,Mây rải rác,22,22,0.67,10 km,1.07 ,0
PHUTHO121020222200,12/10/2022,22:00,Phú Thọ,null,Mây rải rác,22,22,0.68,10 km,1.12 ,0
PHUTHO121020222300,12/10/2022,23:00,Phú Thọ,null,Mây rải rác,21,21,0.69,10 km,1.1 ,0
PHUTHO131020220100,13/10/2022,01:00,Phú Thọ,null,Mây rải rác,18,30,0.71,10 km,0.8 ,null
PHUTHO131020220400,13/10/2022,04:00,Phú Thọ,null,Mây cụm,18,30,0.74,10 km,0.71 ,null
PHUTHO131020220700,13/10/2022,07:00,Phú Thọ,null,Mây rải rác,18,30,0.75,10 km,1.19 ,null
PHUTHO131020221000,13/10/2022,10:00,Phú Thọ,null,Bầu trời quang đãng,18,30,0.47,10 km,1 ,null
PHUTHO131020221300,13/10/2022,13:00,Phú Thọ,null,Bầu trời quang đãng,18,30,0.34,10 km,0.83 ,null
PHUTHO131020221600,13/10/2022,16:00,Phú Thọ,null,Bầu trời quang đãng,18,30,0.41,10 km,1.51 ,null
PHUTHO131020221900,13/10/2022,19:00,Phú Thọ,null,Mây rải rác,18,30,0.53,10 km,1.1 ,null
PHUTHO131020222200,13/10/2022,22:00,Phú Thọ,null,Bầu trời quang đãng,18,30,0.59,10 km,0.79 ,null
LAOCAI121020222059,12/10/2022,20:59,Lào Cai,23,Nhiều mây Cảm giác như 23°.,20,30,0.78,10 km,0.81 ,0,Kém
LAOCAI121020222100,12/10/2022,21:00,Lào Cai,null,Nhiều mây,23,23,0.78,10 km,0.81 ,0
LAOCAI121020222200,12/10/2022,22:00,Lào Cai,null,Nhiều mây,23,23,0.78,10 km,0.8 ,0
LAOCAI121020222300,12/10/2022,23:00,Lào Cai,null,Nhiều mây,23,23,0.78,10 km,0.81 ,0
LAOCAI131020220100,13/10/2022,01:00,Lào Cai,null,Nhiều mây,20,30,0.79,10 km,0.64 ,null
LAOCAI131020220400,13/10/2022,04:00,Lào Cai,null,Nhiều mây,20,30,0.8,10 km,0.47 ,null
LAOCAI131020220700,13/10/2022,07:00,Lào Cai,null,Mây cụm,20,30,0.82,10 km,0.34 ,null
LAOCAI131020221000,13/10/2022,10:00,Lào Cai,null,Mây rải rác,20,30,0.53,10 km,1.01 ,null
LAOCAI131020221300,13/10/2022,13:00,Lào Cai,null,Mây rải rác,20,30,0.46,10 km,1.72 ,null
LAOCAI131020221600,13/10/2022,16:00,Lào Cai,null,Mây thưa,20,30,0.53,10 km,1.25 ,null
LAOCAI131020221900,13/10/2022,19:00,Lào Cai,null,Mây thưa,20,30,0.77,10 km,0.73 ,null
LAOCAI131020222200,13/10/2022,22:00,Lào Cai,null,Mây thưa,20,30,0.78,10 km,0.69 ,null
DIENBIEN121020222059,12/10/2022,20:59,Điện Biên,21,Mây rải rác Cảm giác như 22°.,17,30,0.85,10 km,1.46 ,0,Kém
DIENBIEN121020222100,12/10/2022,21:00,Điện Biên,null,Mây rải rác,21,22,0.85,10 km,1.46 ,0
DIENBIEN121020222200,12/10/2022,22:00,Điện Biên,null,Mây rải rác,21,22,0.86,10 km,1.48 ,0
DIENBIEN121020222300,12/10/2022,23:00,Điện Biên,null,Mây cụm,21,22,0.87,10 km,1.53 ,0
DIENBIEN131020220100,13/10/2022,01:00,Điện Biên,null,Mây cụm,17,30,0.86,10 km,1.36 ,null
DIENBIEN131020220400,13/10/2022,04:00,Điện Biên,null,Mây cụm,17,30,0.85,10 km,1.25 ,null
DIENBIEN131020220700,13/10/2022,07:00,Điện Biên,null,Nhiều mây,17,30,0.84,10 km,1.17 ,null
DIENBIEN131020221000,13/10/2022,10:00,Điện Biên,null,Nhiều mây,17,30,0.6,10 km,1.33 ,null
DIENBIEN131020221300,13/10/2022,13:00,Điện Biên,null,Mây cụm,17,30,0.53,10 km,0.58 ,null
DIENBIEN131020221600,13/10/2022,16:00,Điện Biên,null,Mây rải rác,17,30,0.51,10 km,1.27 ,null
DIENBIEN131020221900,13/10/2022,19:00,Điện Biên,null,Mây thưa,17,30,0.81,10 km,1.44 ,null
DIENBIEN131020222200,13/10/2022,22:00,Điện Biên,null,Bầu trời quang đãng,17,30,0.88,10 km,1.41 ,null
LAICHAU121020222059,12/10/2022,20:59,Lai Châu,23,Nhiều mây Cảm giác như 23°.,19,30,0.82,10 km,1.34 ,0,Trung bình
LAICHAU121020222100,12/10/2022,21:00,Lai Châu,null,Nhiều mây,23,23,0.82,10 km,1.34 ,0
LAICHAU121020222200,12/10/2022,22:00,Lai Châu,null,Nhiều mây,23,23,0.82,10 km,1.43 ,0
LAICHAU121020222300,12/10/2022,23:00,Lai Châu,null,Nhiều mây,23,23,0.83,10 km,1.4 ,0
LAICHAU131020220100,13/10/2022,01:00,Lai Châu,null,Nhiều mây,19,30,0.83,10 km,1.24 ,null
LAICHAU131020220400,13/10/2022,04:00,Lai Châu,null,Nhiều mây,19,30,0.83,10 km,1.1 ,null
LAICHAU131020220700,13/10/2022,07:00,Lai Châu,null,Nhiều mây,19,30,0.84,10 km,0.9 ,null
LAICHAU131020221000,13/10/2022,10:00,Lai Châu,null,Mây cụm,19,30,0.61,10 km,0.34 ,null
LAICHAU131020221300,13/10/2022,13:00,Lai Châu,null,Mây cụm,19,30,0.57,10 km,0.62 ,null
LAICHAU131020221600,13/10/2022,16:00,Lai Châu,null,Mây cụm,19,30,0.67,10 km,0.76 ,null
LAICHAU131020221900,13/10/2022,19:00,Lai Châu,null,Mây cụm,19,30,0.85,10 km,1.26 ,null
LAICHAU131020222200,13/10/2022,22:00,Lai Châu,null,Mây cụm,19,30,0.82,10 km,1.22 ,null
SONLA121020222059,12/10/2022,20:59,Sơn La,19,Mây thưa Cảm giác như 19°.,15,27,0.86,10 km,1.38 ,0,Kém
SONLA121020222100,12/10/2022,21:00,Sơn La,null,Mây thưa,19,19,0.86,10 km,1.37 ,0
SONLA121020222200,12/10/2022,22:00,Sơn La,null,Mây thưa,19,19,0.87,10 km,1.51 ,0
SONLA121020222300,12/10/2022,23:00,Sơn La,null,Mây thưa,19,19,0.88,10 km,1.49 ,0
SONLA131020220100,13/10/2022,01:00,Sơn La,null,Mây thưa,15,27,0.89,10 km,1.39 ,null
SONLA131020220400,13/10/2022,04:00,Sơn La,null,Mây cụm,15,27,0.89,10 km,1.35 ,null
SONLA131020220700,13/10/2022,07:00,Sơn La,null,Nhiều mây,15,27,0.83,10 km,1.07 ,null
SONLA131020221000,13/10/2022,10:00,Sơn La,null,Mây cụm,15,27,0.59,10 km,1.39 ,null
SONLA131020221300,13/10/2022,13:00,Sơn La,null,Mây rải rác,15,27,0.51,10 km,1.41 ,null
SONLA131020221600,13/10/2022,16:00,Sơn La,null,Bầu trời quang đãng,15,27,0.61,10 km,1.46 ,null
SONLA131020221900,13/10/2022,19:00,Sơn La,null,Bầu trời quang đãng,15,27,0.81,10 km,1.34 ,null
SONLA131020222200,13/10/2022,22:00,Sơn La,null,Bầu trời quang đãng,15,27,0.79,10 km,1.11 ,null
YENBAI121020222059,12/10/2022,20:59,Yên Bái,23,Mây rải rác Cảm giác như 23°.,19,29,0.72,10 km,1.2 ,0,Rất kém
YENBAI121020222100,12/10/2022,21:00,Yên Bái,null,Mây rải rác,23,23,0.72,10 km,1.2 ,0
YENBAI121020222200,12/10/2022,22:00,Yên Bái,null,Mây rải rác,22,23,0.72,10 km,1.09 ,0
YENBAI121020222300,12/10/2022,23:00,Yên Bái,null,Mây rải rác,22,22,0.73,10 km,1.39 ,0
YENBAI131020220100,13/10/2022,01:00,Yên Bái,null,Mây rải rác,19,29,0.74,10 km,1.52 ,null
YENBAI131020220400,13/10/2022,04:00,Yên Bái,null,Mây rải rác,19,29,0.76,10 km,0.29 ,null
YENBAI131020220700,13/10/2022,07:00,Yên Bái,null,Mây thưa,19,29,0.75,10 km,0.26 ,null
YENBAI131020221000,13/10/2022,10:00,Yên Bái,null,Bầu trời quang đãng,19,29,0.47,10 km,0.95 ,null
YENBAI131020221300,13/10/2022,13:00,Yên Bái,null,Bầu trời quang đãng,19,29,0.39,10 km,1.11 ,null
YENBAI131020221600,13/10/2022,16:00,Yên Bái,null,Bầu trời quang đãng,19,29,0.45,10 km,0.3 ,null
YENBAI131020221900,13/10/2022,19:00,Yên Bái,null,Mây rải rác,19,29,0.57,10 km,0.77 ,null
YENBAI131020222200,13/10/2022,22:00,Yên Bái,null,Mây thưa,19,29,0.63,10 km,0.69 ,null
HOABINH121020222059,12/10/2022,20:59,Hoà Bình,22,Mây thưa Cảm giác như 22°.,19,29,0.75,10 km,1.32 ,0,Rất kém
HOABINH121020222100,12/10/2022,21:00,Hoà Bình,null,Mây thưa,22,22,0.75,10 km,1.32 ,0
HOABINH121020222200,12/10/2022,22:00,Hoà Bình,null,Mây thưa,22,22,0.76,10 km,1.15 ,0
HOABINH121020222300,12/10/2022,23:00,Hoà Bình,null,Mây thưa,21,21,0.77,10 km,1.18 ,0
HOABINH131020220100,13/10/2022,01:00,Hoà Bình,null,Mây thưa,19,29,0.8,10 km,0.8 ,null
HOABINH131020220400,13/10/2022,04:00,Hoà Bình,null,Mây rải rác,19,29,0.82,10 km,0.99 ,null
HOABINH131020220700,13/10/2022,07:00,Hoà Bình,null,Mây rải rác,19,29,0.8,10 km,1.02 ,null
HOABINH131020221000,13/10/2022,10:00,Hoà Bình,null,Bầu trời quang đãng,19,29,0.47,10 km,1.39 ,null
HOABINH131020221300,13/10/2022,13:00,Hoà Bình,null,Bầu trời quang đãng,19,29,0.41,10 km,1.92 ,null
HOABINH131020221600,13/10/2022,16:00,Hoà Bình,null,Bầu trời quang đãng,19,29,0.47,10 km,1.25 ,null
HOABINH131020221900,13/10/2022,19:00,Hoà Bình,null,Bầu trời quang đãng,19,29,0.58,10 km,0.92 ,null
HOABINH131020222200,13/10/2022,22:00,Hoà Bình,null,Bầu trời quang đãng,19,29,0.61,10 km,1.39 ,null
HANOI121020222059,12/10/2022,20:59,Hà Nội,24,Mây thưa Cảm giác như 24°.,19,30,0.69,7 km,2.06 ,0,Rất kém
HANOI121020222100,12/10/2022,21:00,Hà Nội,null,Mây thưa,24,24,0.69,10 km,2.31 ,0
HANOI121020222200,12/10/2022,22:00,Hà Nội,null,Mây thưa,23,24,0.68,10 km,1.66 ,0
HANOI121020222300,12/10/2022,23:00,Hà Nội,null,Mây thưa,23,23,0.67,10 km,0.72 ,0
HANOI131020220100,13/10/2022,01:00,Hà Nội,null,Mây rải rác,19,30,0.63,10 km,0.61 ,null
HANOI131020220400,13/10/2022,04:00,Hà Nội,null,Nhiều mây,19,30,0.67,10 km,2.05 ,null
HANOI131020220700,13/10/2022,07:00,Hà Nội,null,Mây cụm,19,30,0.67,10 km,2.24 ,null
HANOI131020221000,13/10/2022,10:00,Hà Nội,null,Bầu trời quang đãng,19,30,0.38,10 km,2.81 ,null
HANOI131020221300,13/10/2022,13:00,Hà Nội,null,Bầu trời quang đãng,19,30,0.31,10 km,2.88 ,null
HANOI131020221600,13/10/2022,16:00,Hà Nội,null,Bầu trời quang đãng,19,30,0.36,10 km,2.55 ,null
HANOI131020221900,13/10/2022,19:00,Hà Nội,null,Bầu trời quang đãng,19,30,0.48,10 km,1.77 ,null
HANOI131020222200,13/10/2022,22:00,Hà Nội,null,Bầu trời quang đãng,19,30,0.55,10 km,1.45 ,null
VINHPHUC121020222059,12/10/2022,20:59,Vĩnh Phúc,24,Mây rải rác Cảm giác như 24°.,19,30,0.64,10 km,2.35 ,0,Rất kém
VINHPHUC121020222100,12/10/2022,21:00,Vĩnh Phúc,null,Mây rải rác,25,25,0.64,10 km,2.35 ,0
VINHPHUC121020222200,12/10/2022,22:00,Vĩnh Phúc,null,Mây rải rác,24,24,0.65,10 km,2.06 ,0
VINHPHUC121020222300,12/10/2022,23:00,Vĩnh Phúc,null,Mây rải rác,23,23,0.66,10 km,1.73 ,0
VINHPHUC131020220100,13/10/2022,01:00,Vĩnh Phúc,null,Mây rải rác,19,30,0.67,10 km,0.81 ,null
VINHPHUC131020220400,13/10/2022,04:00,Vĩnh Phúc,null,Mây cụm,19,30,0.68,10 km,1.14 ,null
VINHPHUC131020220700,13/10/2022,07:00,Vĩnh Phúc,null,Mây cụm,19,30,0.69,10 km,1.48 ,null
VINHPHUC131020221000,13/10/2022,10:00,Vĩnh Phúc,null,Bầu trời quang đãng,19,30,0.43,10 km,0.97 ,null
VINHPHUC131020221300,13/10/2022,13:00,Vĩnh Phúc,null,Bầu trời quang đãng,19,30,0.33,10 km,0.89 ,null
VINHPHUC131020221600,13/10/2022,16:00,Vĩnh Phúc,null,Bầu trời quang đãng,19,30,0.36,10 km,1.01 ,null
VINHPHUC131020221900,13/10/2022,19:00,Vĩnh Phúc,null,Bầu trời quang đãng,19,30,0.5,10 km,1.49 ,null
VINHPHUC131020222200,13/10/2022,22:00,Vĩnh Phúc,null,Bầu trời quang đãng,19,30,0.55,10 km,0.92 ,null
BACNINH121020222059,12/10/2022,20:59,Bắc Ninh,24,Mây thưa Cảm giác như 24°.,19,30,0.63,10 km,2.14 ,0,Rất kém
BACNINH121020222100,12/10/2022,21:00,Bắc Ninh,null,Mây thưa,24,24,0.63,10 km,2.14 ,0
BACNINH121020222200,12/10/2022,22:00,Bắc Ninh,null,Mây thưa,23,24,0.63,10 km,1.21 ,0
BACNINH121020222300,12/10/2022,23:00,Bắc Ninh,null,Mây thưa,23,23,0.63,10 km,0.38 ,0
BACNINH131020220100,13/10/2022,01:00,Bắc Ninh,null,Mây rải rác,19,30,0.64,10 km,1.71 ,null
BACNINH131020220400,13/10/2022,04:00,Bắc Ninh,null,Mây cụm,19,30,0.65,10 km,2.57 ,null
BACNINH131020220700,13/10/2022,07:00,Bắc Ninh,null,Mây cụm,19,30,0.65,10 km,2.59 ,null
BACNINH131020221000,13/10/2022,10:00,Bắc Ninh,null,Bầu trời quang đãng,19,30,0.39,10 km,3.27 ,null
BACNINH131020221300,13/10/2022,13:00,Bắc Ninh,null,Bầu trời quang đãng,19,30,0.32,10 km,2.94 ,null
BACNINH131020221600,13/10/2022,16:00,Bắc Ninh,null,Bầu trời quang đãng,19,30,0.37,10 km,2.64 ,null
BACNINH131020221900,13/10/2022,19:00,Bắc Ninh,null,Bầu trời quang đãng,19,30,0.49,10 km,2.7 ,null
BACNINH131020222200,13/10/2022,22:00,Bắc Ninh,null,Bầu trời quang đãng,19,30,0.57,10 km,1.05 ,null
HAIDUONG121020222059,12/10/2022,20:59,Hải Dương,24,Mây thưa Cảm giác như 24°.,18,29,0.64,10 km,2.41 ,0,Rất kém
HAIDUONG121020222100,12/10/2022,21:00,Hải Dương,null,Mây thưa,24,24,0.64,10 km,2.42 ,0
HAIDUONG121020222200,12/10/2022,22:00,Hải Dương,null,Mây thưa,23,23,0.63,10 km,1.95 ,0
HAIDUONG121020222300,12/10/2022,23:00,Hải Dương,null,Mây thưa,23,23,0.63,10 km,1.27 ,0
HAIDUONG131020220100,13/10/2022,01:00,Hải Dương,null,Mây rải rác,18,29,0.65,10 km,2.36 ,null
HAIDUONG131020220400,13/10/2022,04:00,Hải Dương,null,Nhiều mây,18,29,0.71,10 km,2.84 ,null
HAIDUONG131020220700,13/10/2022,07:00,Hải Dương,null,Mây rải rác,18,29,0.69,10 km,2.86 ,null
HAIDUONG131020221000,13/10/2022,10:00,Hải Dương,null,Bầu trời quang đãng,18,29,0.44,10 km,2.87 ,null
HAIDUONG131020221300,13/10/2022,13:00,Hải Dương,null,Bầu trời quang đãng,18,29,0.36,10 km,1.71 ,null
HAIDUONG131020221600,13/10/2022,16:00,Hải Dương,null,Bầu trời quang đãng,18,29,0.41,10 km,1.19 ,null
HAIDUONG131020221900,13/10/2022,19:00,Hải Dương,null,Bầu trời quang đãng,18,29,0.58,10 km,2.33 ,null
HAIDUONG131020222200,13/10/2022,22:00,Hải Dương,null,Bầu trời quang đãng,18,29,0.59,10 km,0.25 ,null
HAIPHONG121020222059,12/10/2022,20:59,Hải Phòng,24,Bầu trời quang đãng Cảm giác như 24°.,18,30,0.57,10 km,1.54 ,0,Rất kém
HAIPHONG121020222100,12/10/2022,21:00,Hải Phòng,null,Bầu trời quang đãng,24,24,0.53,10 km,2.7 ,0
HAIPHONG121020222200,12/10/2022,22:00,Hải Phòng,null,Bầu trời quang đãng,23,23,0.55,10 km,2.44 ,0
HAIPHONG121020222300,12/10/2022,23:00,Hải Phòng,null,Bầu trời quang đãng,23,23,0.57,10 km,2.19 ,0
HAIPHONG131020220100,13/10/2022,01:00,Hải Phòng,null,Mây thưa,18,30,0.57,10 km,2.21 ,null
HAIPHONG131020220400,13/10/2022,04:00,Hải Phòng,null,Mây rải rác,18,30,0.65,10 km,2.29 ,null
HAIPHONG131020220700,13/10/2022,07:00,Hải Phòng,null,Mây rải rác,18,30,0.7,10 km,2.17 ,null
HAIPHONG131020221000,13/10/2022,10:00,Hải Phòng,null,Bầu trời quang đãng,18,30,0.42,10 km,1.3 ,null
HAIPHONG131020221300,13/10/2022,13:00,Hải Phòng,null,Bầu trời quang đãng,18,30,0.36,10 km,1.06 ,null
HAIPHONG131020221600,13/10/2022,16:00,Hải Phòng,null,Bầu trời quang đãng,18,30,0.47,10 km,1.74 ,null
HAIPHONG131020221900,13/10/2022,19:00,Hải Phòng,null,Bầu trời quang đãng,18,30,0.57,10 km,2.13 ,null
HAIPHONG131020222200,13/10/2022,22:00,Hải Phòng,null,Bầu trời quang đãng,18,30,0.59,10 km,1.7 ,null
HUNGYEN121020222059,12/10/2022,20:59,Hưng Yên,21,Mây thưa Cảm giác như 21°.,18,29,0.66,10 km,1.52 ,0,Rất kém
HUNGYEN121020222100,12/10/2022,21:00,Hưng Yên,null,Mây thưa,21,21,0.66,10 km,1.52 ,0
HUNGYEN121020222200,12/10/2022,22:00,Hưng Yên,null,Mây thưa,21,21,0.67,10 km,0.68 ,0
HUNGYEN121020222300,12/10/2022,23:00,Hưng Yên,null,Mây thưa,21,21,0.67,10 km,0.4 ,0
HUNGYEN131020220100,13/10/2022,01:00,Hưng Yên,null,Mây thưa,18,29,0.68,10 km,1.68 ,null
HUNGYEN131020220400,13/10/2022,04:00,Hưng Yên,null,Mây cụm,18,29,0.71,10 km,2.01 ,null
HUNGYEN131020220700,13/10/2022,07:00,Hưng Yên,null,Mây rải rác,18,29,0.74,10 km,2.41 ,null
HUNGYEN131020221000,13/10/2022,10:00,Hưng Yên,null,Bầu trời quang đãng,18,29,0.43,10 km,3.52 ,null
HUNGYEN131020221300,13/10/2022,13:00,Hưng Yên,null,Bầu trời quang đãng,18,29,0.34,10 km,2.67 ,null
HUNGYEN131020221600,13/10/2022,16:00,Hưng Yên,null,Bầu trời quang đãng,18,29,0.41,10 km,1.91 ,null
HUNGYEN131020221900,13/10/2022,19:00,Hưng Yên,null,Bầu trời quang đãng,18,29,0.55,10 km,1.47 ,null
HUNGYEN131020222200,13/10/2022,22:00,Hưng Yên,null,Bầu trời quang đãng,18,29,0.61,10 km,0.59 ,null
THAIBINH121020222059,12/10/2022,20:59,Thái Bình,23,Mây rải rác Cảm giác như 23°.,19,29,0.61,10 km,3.36 ,0,Rất kém
THAIBINH121020222100,12/10/2022,21:00,Thái Bình,null,Mây rải rác,23,23,0.61,10 km,3.36 ,0
THAIBINH121020222200,12/10/2022,22:00,Thái Bình,null,Mây rải rác,23,23,0.62,10 km,3.01 ,0
THAIBINH121020222300,12/10/2022,23:00,Thái Bình,null,Mây rải rác,23,23,0.62,10 km,2.52 ,0
THAIBINH131020220100,13/10/2022,01:00,Thái Bình,null,Mây rải rác,19,29,0.63,10 km,2.67 ,null
THAIBINH131020220400,13/10/2022,04:00,Thái Bình,null,Mây rải rác,19,29,0.68,10 km,3.13 ,null
THAIBINH131020220700,13/10/2022,07:00,Thái Bình,null,Mây rải rác,19,29,0.72,10 km,3.49 ,null
THAIBINH131020221000,13/10/2022,10:00,Thái Bình,null,Bầu trời quang đãng,19,29,0.45,10 km,3.67 ,null
THAIBINH131020221300,13/10/2022,13:00,Thái Bình,null,Bầu trời quang đãng,19,29,0.36,10 km,2.51 ,null
THAIBINH131020221600,13/10/2022,16:00,Thái Bình,null,Bầu trời quang đãng,19,29,0.41,10 km,2.34 ,null
THAIBINH131020221900,13/10/2022,19:00,Thái Bình,null,Mây thưa,19,29,0.53,10 km,2.74 ,null
THAIBINH131020222200,13/10/2022,22:00,Thái Bình,null,Bầu trời quang đãng,19,29,0.55,10 km,2.01 ,null
HANAM121020222059,12/10/2022,20:59,Hà Nam,21,Bầu trời quang đãng Cảm giác như 21°.,18,29,0.67,10 km,1.07 ,0,Rất kém
HANAM121020222100,12/10/2022,21:00,Hà Nam,null,Bầu trời quang đãng,21,21,0.67,10 km,1.07 ,0
HANAM121020222200,12/10/2022,22:00,Hà Nam,null,Bầu trời quang đãng,21,21,0.68,10 km,0.14 ,0
HANAM121020222300,12/10/2022,23:00,Hà Nam,null,Mây thưa,21,21,0.68,10 km,0.75 ,0
HANAM131020220100,13/10/2022,01:00,Hà Nam,null,Mây thưa,18,29,0.69,10 km,1.55 ,null
HANAM131020220400,13/10/2022,04:00,Hà Nam,null,Mây rải rác,18,29,0.72,10 km,1.77 ,null
HANAM131020220700,13/10/2022,07:00,Hà Nam,null,Mây rải rác,18,29,0.75,10 km,2.2 ,null
HANAM131020221000,13/10/2022,10:00,Hà Nam,null,Bầu trời quang đãng,18,29,0.44,10 km,3.54 ,null
HANAM131020221300,13/10/2022,13:00,Hà Nam,null,Bầu trời quang đãng,18,29,0.34,10 km,2.91 ,null
HANAM131020221600,13/10/2022,16:00,Hà Nam,null,Bầu trời quang đãng,18,29,0.41,10 km,2.08 ,null
HANAM131020221900,13/10/2022,19:00,Hà Nam,null,Bầu trời quang đãng,18,29,0.55,10 km,1.04 ,null
HANAM131020222200,13/10/2022,22:00,Hà Nam,null,Bầu trời quang đãng,18,29,0.61,10 km,0.79 ,null
NAMDINH121020222059,12/10/2022,20:59,Nam Định,22,Mây thưa Cảm giác như 22°.,19,29,0.64,10 km,2.39 ,0,Rất kém
NAMDINH121020222100,12/10/2022,21:00,Nam Định,null,Mây thưa,22,22,0.64,10 km,2.39 ,0
NAMDINH121020222200,12/10/2022,22:00,Nam Định,null,Mây thưa,22,22,0.65,10 km,1.86 ,0
NAMDINH121020222300,12/10/2022,23:00,Nam Định,null,Mây rải rác,22,22,0.65,10 km,1.34 ,0
NAMDINH131020220100,13/10/2022,01:00,Nam Định,null,Mây rải rác,19,29,0.67,10 km,2.25 ,null
NAMDINH131020220400,13/10/2022,04:00,Nam Định,null,Mây rải rác,19,29,0.7,10 km,2.61 ,null
NAMDINH131020220700,13/10/2022,07:00,Nam Định,null,Mây rải rác,19,29,0.74,10 km,3.01 ,null
NAMDINH131020221000,13/10/2022,10:00,Nam Định,null,Bầu trời quang đãng,19,29,0.46,10 km,3.89 ,null
NAMDINH131020221300,13/10/2022,13:00,Nam Định,null,Bầu trời quang đãng,19,29,0.36,10 km,2.75 ,null
NAMDINH131020221600,13/10/2022,16:00,Nam Định,null,Bầu trời quang đãng,19,29,0.41,10 km,1.95 ,null
NAMDINH131020221900,13/10/2022,19:00,Nam Định,null,Mây thưa,19,29,0.55,10 km,2.22 ,null
NAMDINH131020222200,13/10/2022,22:00,Nam Định,null,Bầu trời quang đãng,19,29,0.58,10 km,1.3 ,null
NINHBINH121020222059,12/10/2022,20:59,Ninh Bình,22,Mây rải rác Cảm giác như 22°.,18,29,0.65,10 km,1.5 ,0,Rất kém
NINHBINH121020222100,12/10/2022,21:00,Ninh Bình,null,Mây rải rác,22,22,0.65,10 km,1.5 ,0
NINHBINH121020222200,12/10/2022,22:00,Ninh Bình,null,Mây rải rác,22,22,0.66,10 km,0.91 ,0
NINHBINH121020222300,12/10/2022,23:00,Ninh Bình,null,Mây rải rác,22,22,0.67,10 km,1.26 ,0
NINHBINH131020220100,13/10/2022,01:00,Ninh Bình,null,Mây cụm,18,29,0.69,10 km,2.25 ,null
NINHBINH131020220400,13/10/2022,04:00,Ninh Bình,null,Mây rải rác,18,29,0.72,10 km,2.23 ,null
NINHBINH131020220700,13/10/2022,07:00,Ninh Bình,null,Mây rải rác,18,29,0.76,10 km,2.28 ,null
NINHBINH131020221000,13/10/2022,10:00,Ninh Bình,null,Bầu trời quang đãng,18,29,0.48,10 km,3.77 ,null
NINHBINH131020221300,13/10/2022,13:00,Ninh Bình,null,Bầu trời quang đãng,18,29,0.37,10 km,3.29 ,null
NINHBINH131020221600,13/10/2022,16:00,Ninh Bình,null,Mây thưa,18,29,0.44,10 km,2.19 ,null
NINHBINH131020221900,13/10/2022,19:00,Ninh Bình,null,Mây rải rác,18,29,0.58,10 km,1.86 ,null
NINHBINH131020222200,13/10/2022,22:00,Ninh Bình,null,Bầu trời quang đãng,18,29,0.6,10 km,1.3 ,null
THANHHOA121020222059,12/10/2022,20:59,Thanh Hóa,22,Mây rải rác Cảm giác như 22°.,18,28,0.68,10 km,1.24 ,0,Rất kém
THANHHOA121020222100,12/10/2022,21:00,Thanh Hóa,null,Mây rải rác,22,22,0.68,10 km,1.22 ,0
THANHHOA121020222200,12/10/2022,22:00,Thanh Hóa,null,Mây rải rác,22,22,0.69,10 km,1.25 ,0
THANHHOA121020222300,12/10/2022,23:00,Thanh Hóa,null,Mây cụm,22,22,0.7,10 km,1.78 ,0
THANHHOA131020220100,13/10/2022,01:00,Thanh Hóa,null,Mây cụm,18,28,0.72,10 km,2.1 ,null
THANHHOA131020220400,13/10/2022,04:00,Thanh Hóa,null,Mây rải rác,18,28,0.76,10 km,2.2 ,null
THANHHOA131020220700,13/10/2022,07:00,Thanh Hóa,null,Mây thưa,18,28,0.77,10 km,1.92 ,null
THANHHOA131020221000,13/10/2022,10:00,Thanh Hóa,null,Bầu trời quang đãng,18,28,0.53,10 km,2.42 ,null
THANHHOA131020221300,13/10/2022,13:00,Thanh Hóa,null,Bầu trời quang đãng,18,28,0.41,10 km,3.46 ,null
THANHHOA131020221600,13/10/2022,16:00,Thanh Hóa,null,Mây thưa,18,28,0.48,10 km,2.86 ,null
THANHHOA131020221900,13/10/2022,19:00,Thanh Hóa,null,Mây thưa,18,28,0.58,10 km,2.16 ,null
THANHHOA131020222200,13/10/2022,22:00,Thanh Hóa,null,Mây thưa,18,28,0.62,10 km,1.69 ,null
NGHEAN121020222059,12/10/2022,20:59,Nghệ An,23,Mây thưa Cảm giác như 23°.,20,26,0.68,10 km,1.42 ,0,Rất kém
NGHEAN121020222100,12/10/2022,21:00,Nghệ An,null,Mây thưa,23,23,0.68,10 km,1.41 ,0
NGHEAN121020222200,12/10/2022,22:00,Nghệ An,null,Mây thưa,23,23,0.69,10 km,1.21 ,0
NGHEAN121020222300,12/10/2022,23:00,Nghệ An,null,Mây thưa,23,23,0.69,10 km,1.95 ,0
NGHEAN131020220100,13/10/2022,01:00,Nghệ An,null,Mây thưa,20,26,0.71,10 km,2.57 ,null
NGHEAN131020220400,13/10/2022,04:00,Nghệ An,null,Mây thưa,20,26,0.77,10 km,2.67 ,null
NGHEAN131020220700,13/10/2022,07:00,Nghệ An,null,Mây rải rác,20,26,0.8,10 km,2.62 ,null
NGHEAN131020221000,13/10/2022,10:00,Nghệ An,null,Mây rải rác,20,26,0.65,10 km,3.29 ,null
NGHEAN131020221300,13/10/2022,13:00,Nghệ An,null,Mây rải rác,20,26,0.58,10 km,3.74 ,null
NGHEAN131020221600,13/10/2022,16:00,Nghệ An,null,Nhiều mây,20,26,0.6,10 km,3.23 ,null
NGHEAN131020221900,13/10/2022,19:00,Nghệ An,null,Mây cụm,20,26,0.6,10 km,1.98 ,null
NGHEAN131020222200,13/10/2022,22:00,Nghệ An,null,Mây cụm,20,26,0.64,10 km,2.06 ,null
HATINH121020222059,12/10/2022,20:59,Hà Tĩnh,22,Mây thưa Cảm giác như 23°.,20,26,0.72,10 km,1.48 ,0,Rất kém
HATINH121020222100,12/10/2022,21:00,Hà Tĩnh,null,Mây thưa,22,23,0.72,10 km,1.48 ,0
HATINH121020222200,12/10/2022,22:00,Hà Tĩnh,null,Mây thưa,22,23,0.73,10 km,1.68 ,0
HATINH121020222300,12/10/2022,23:00,Hà Tĩnh,null,Mây thưa,22,22,0.73,10 km,2 ,0
HATINH131020220100,13/10/2022,01:00,Hà Tĩnh,null,Mây thưa,20,26,0.75,10 km,2.48 ,null
HATINH131020220400,13/10/2022,04:00,Hà Tĩnh,null,Mây rải rác,20,26,0.79,10 km,2.88 ,null
HATINH131020220700,13/10/2022,07:00,Hà Tĩnh,null,Mây cụm,20,26,0.8,10 km,3.25 ,null
HATINH131020221000,13/10/2022,10:00,Hà Tĩnh,null,Mưa nhẹ,20,26,0.68,10 km,4.55 ,null
HATINH131020221300,13/10/2022,13:00,Hà Tĩnh,null,Mưa nhẹ,20,26,0.63,10 km,4.8 ,null
HATINH131020221600,13/10/2022,16:00,Hà Tĩnh,null,Mây cụm,20,26,0.61,10 km,3.52 ,null
HATINH131020221900,13/10/2022,19:00,Hà Tĩnh,null,Mây cụm,20,26,0.68,10 km,2.16 ,null
HATINH131020222200,13/10/2022,22:00,Hà Tĩnh,null,Mây cụm,20,26,0.69,10 km,2.48 ,null
QUANGBINH121020222059,12/10/2022,20:59,Quảng Bình,21,Mây rải rác Cảm giác như 21°.,20,27,0.84,10 km,1.55 ,0,Rất kém
QUANGBINH121020222100,12/10/2022,21:00,Quảng Bình,null,Mây rải rác,21,21,0.84,10 km,1.55 ,0
QUANGBINH121020222200,12/10/2022,22:00,Quảng Bình,null,Mây rải rác,21,21,0.84,10 km,1.67 ,0
QUANGBINH121020222300,12/10/2022,23:00,Quảng Bình,null,Mây rải rác,21,21,0.84,10 km,1.6 ,0
QUANGBINH131020220100,13/10/2022,01:00,Quảng Bình,null,Mây rải rác,20,27,0.83,10 km,1.66 ,null
QUANGBINH131020220400,13/10/2022,04:00,Quảng Bình,null,Mây cụm,20,27,0.85,10 km,2.1 ,null
QUANGBINH131020220700,13/10/2022,07:00,Quảng Bình,null,Nhiều mây,20,27,0.83,10 km,2.03 ,null
QUANGBINH131020221000,13/10/2022,10:00,Quảng Bình,null,Nhiều mây,20,27,0.65,10 km,3.75 ,null
QUANGBINH131020221300,13/10/2022,13:00,Quảng Bình,null,Nhiều mây,20,27,0.58,10 km,4.89 ,null
QUANGBINH131020221600,13/10/2022,16:00,Quảng Bình,null,Mây cụm,20,27,0.67,10 km,4.12 ,null
QUANGBINH131020221900,13/10/2022,19:00,Quảng Bình,null,Mây cụm,20,27,0.82,10 km,2.27 ,null
QUANGBINH131020222200,13/10/2022,22:00,Quảng Bình,null,Nhiều mây,20,27,0.83,10 km,2 ,null
QUANGTRI121020222059,12/10/2022,20:59,Quảng Trị,22,Mây cụm Cảm giác như 22°.,21,27,0.82,10 km,1.26 ,0,Rất kém
QUANGTRI121020222100,12/10/2022,21:00,Quảng Trị,null,Mây cụm,22,22,0.82,10 km,1.26 ,0
QUANGTRI121020222200,12/10/2022,22:00,Quảng Trị,null,Mây cụm,22,22,0.82,10 km,1.04 ,0
QUANGTRI121020222300,12/10/2022,23:00,Quảng Trị,null,Mây cụm,22,23,0.81,10 km,0.72 ,0
QUANGTRI131020220100,13/10/2022,01:00,Quảng Trị,null,Mây cụm,21,27,0.81,10 km,1.71 ,null
QUANGTRI131020220400,13/10/2022,04:00,Quảng Trị,null,Mưa nhẹ,21,27,0.85,10 km,2.05 ,null
QUANGTRI131020220700,13/10/2022,07:00,Quảng Trị,null,Mưa nhẹ,21,27,0.83,10 km,2.21 ,null
QUANGTRI131020221000,13/10/2022,10:00,Quảng Trị,null,Mưa nhẹ,21,27,0.76,10 km,5.57 ,null
QUANGTRI131020221300,13/10/2022,13:00,Quảng Trị,null,Mưa nhẹ,21,27,0.66,10 km,5.75 ,null
QUANGTRI131020221600,13/10/2022,16:00,Quảng Trị,null,Mây cụm,21,27,0.7,10 km,4.67 ,null
QUANGTRI131020221900,13/10/2022,19:00,Quảng Trị,null,Mây cụm,21,27,0.75,10 km,2.68 ,null
QUANGTRI131020222200,13/10/2022,22:00,Quảng Trị,null,Nhiều mây,21,27,0.75,10 km,2.17 ,null
THUATHIENHUE121020222059,12/10/2022,20:59,Thừa Thiên Huế,23,Mây cụm Cảm giác như 24°.,22,25,0.88,8 km,1.03 ,0,Rất kém
THUATHIENHUE121020222100,12/10/2022,21:00,Thừa Thiên Huế,null,Mây cụm,23,24,0.88,10 km,0.92 ,0
THUATHIENHUE121020222200,12/10/2022,22:00,Thừa Thiên Huế,null,Mây cụm,23,24,0.87,10 km,0.94 ,0
THUATHIENHUE121020222300,12/10/2022,23:00,Thừa Thiên Huế,null,Nhiều mây,23,24,0.86,10 km,1.36 ,0
THUATHIENHUE131020220100,13/10/2022,01:00,Thừa Thiên Huế,null,Mây cụm,22,25,0.87,10 km,2.17 ,null
THUATHIENHUE131020220400,13/10/2022,04:00,Thừa Thiên Huế,null,Mưa nhẹ,22,25,0.88,10 km,2.52 ,null
THUATHIENHUE131020220700,13/10/2022,07:00,Thừa Thiên Huế,null,Mưa nhẹ,22,25,0.9,10 km,1.72 ,null
THUATHIENHUE131020221000,13/10/2022,10:00,Thừa Thiên Huế,null,Mưa nhẹ,22,25,0.87,10 km,1.92 ,null
THUATHIENHUE131020221300,13/10/2022,13:00,Thừa Thiên Huế,null,Mưa nhẹ,22,25,0.79,10 km,4.22 ,null
THUATHIENHUE131020221600,13/10/2022,16:00,Thừa Thiên Huế,null,Mưa nhẹ,22,25,0.76,10 km,3.36 ,null
THUATHIENHUE131020221900,13/10/2022,19:00,Thừa Thiên Huế,null,Nhiều mây,22,25,0.77,10 km,2.89 ,null
THUATHIENHUE131020222200,13/10/2022,22:00,Thừa Thiên Huế,null,Nhiều mây,22,25,0.78,10 km,3.23 ,null
DANANG121020222059,12/10/2022,20:59,Đà Nẵng,25,Mây rải rác Cảm giác như 25°.,22,27,0.73,10 km,0.51 ,0,Kém
DANANG121020222100,12/10/2022,21:00,Đà Nẵng,null,Mây rải rác,25,25,0.73,10 km,3.23 ,0
DANANG121020222200,12/10/2022,22:00,Đà Nẵng,null,Mây cụm,25,25,0.75,10 km,3.22 ,0
DANANG121020222300,12/10/2022,23:00,Đà Nẵng,null,Mây cụm,25,25,0.77,10 km,3.1 ,0
DANANG131020220100,13/10/2022,01:00,Đà Nẵng,null,Mưa nhẹ,22,27,0.77,10 km,3.1 ,null
DANANG131020220400,13/10/2022,04:00,Đà Nẵng,null,Mây cụm,22,27,0.78,10 km,3.03 ,null
DANANG131020220700,13/10/2022,07:00,Đà Nẵng,null,Mưa nhẹ,22,27,0.82,10 km,2.6 ,null
DANANG131020221000,13/10/2022,10:00,Đà Nẵng,null,Mưa nhẹ,22,27,0.77,10 km,3.32 ,null
DANANG131020221300,13/10/2022,13:00,Đà Nẵng,null,Mưa nhẹ,22,27,0.73,10 km,4.86 ,null
DANANG131020221600,13/10/2022,16:00,Đà Nẵng,null,Mưa nhẹ,22,27,0.8,10 km,6.05 ,null
DANANG131020221900,13/10/2022,19:00,Đà Nẵng,null,Nhiều mây,22,27,0.78,10 km,5.36 ,null
DANANG131020222200,13/10/2022,22:00,Đà Nẵng,null,Nhiều mây,22,27,0.77,10 km,5.78 ,null
QUANGNAM121020222059,12/10/2022,20:59,Quảng Nam,24,Nhiều mây Cảm giác như 24°.,20,27,0.88,10 km,3.16 ,0,Rất kém
QUANGNAM121020222100,12/10/2022,21:00,Quảng Nam,null,Nhiều mây,24,24,0.88,10 km,3.16 ,0
QUANGNAM121020222200,12/10/2022,22:00,Quảng Nam,null,Nhiều mây,24,24,0.89,10 km,3.1 ,0
QUANGNAM121020222300,12/10/2022,23:00,Quảng Nam,null,Mưa nhẹ,23,24,0.89,10 km,2.51 ,0
QUANGNAM131020220100,13/10/2022,01:00,Quảng Nam,null,Mưa nhẹ,20,27,0.9,10 km,2.64 ,null
QUANGNAM131020220400,13/10/2022,04:00,Quảng Nam,null,Mưa nhẹ,20,27,0.9,10 km,2.91 ,null
QUANGNAM131020220700,13/10/2022,07:00,Quảng Nam,null,Mưa nhẹ,20,27,0.91,10 km,3.17 ,null
QUANGNAM131020221000,13/10/2022,10:00,Quảng Nam,null,Mưa nhẹ,20,27,0.84,10 km,3.58 ,null
QUANGNAM131020221300,13/10/2022,13:00,Quảng Nam,null,Mưa nhẹ,20,27,0.78,10 km,5.47 ,null
QUANGNAM131020221600,13/10/2022,16:00,Quảng Nam,null,Mưa nhẹ,20,27,0.89,6.3 km,5.86 ,null
QUANGNAM131020221900,13/10/2022,19:00,Quảng Nam,null,Mưa vừa,20,27,0.91,10 km,4.03 ,null
QUANGNAM131020222200,13/10/2022,22:00,Quảng Nam,null,Mưa nhẹ,20,27,0.91,10 km,4.02 ,null
QUANGNGAI121020222059,12/10/2022,20:59,Quảng Ngãi,24,Nhiều mây Cảm giác như 24°.,21,27,0.89,10 km,3.45 ,0,Rất kém
QUANGNGAI121020222100,12/10/2022,21:00,Quảng Ngãi,null,Nhiều mây,24,24,0.89,10 km,3.45 ,0
QUANGNGAI121020222200,12/10/2022,22:00,Quảng Ngãi,null,Nhiều mây,24,24,0.9,10 km,3.09 ,0
QUANGNGAI121020222300,12/10/2022,23:00,Quảng Ngãi,null,Nhiều mây,24,24,0.9,10 km,3.16 ,0
QUANGNGAI131020220100,13/10/2022,01:00,Quảng Ngãi,null,Mưa nhẹ,21,27,0.9,10 km,3.47 ,null
QUANGNGAI131020220400,13/10/2022,04:00,Quảng Ngãi,null,Mưa nhẹ,21,27,0.91,10 km,3.85 ,null
QUANGNGAI131020220700,13/10/2022,07:00,Quảng Ngãi,null,Mưa nhẹ,21,27,0.91,10 km,3.83 ,null
QUANGNGAI131020221000,13/10/2022,10:00,Quảng Ngãi,null,Mưa nhẹ,21,27,0.85,10 km,4.66 ,null
QUANGNGAI131020221300,13/10/2022,13:00,Quảng Ngãi,null,Mưa nhẹ,21,27,0.83,10 km,5.89 ,null
QUANGNGAI131020221600,13/10/2022,16:00,Quảng Ngãi,null,Mưa nhẹ,21,27,0.94,10 km,5.34 ,null
QUANGNGAI131020221900,13/10/2022,19:00,Quảng Ngãi,null,Mưa vừa,21,27,0.95,4.26 km,4.95 ,null
QUANGNGAI131020222200,13/10/2022,22:00,Quảng Ngãi,null,Mưa vừa,21,27,0.96,10 km,3.76 ,null
BINHDINH121020222059,12/10/2022,20:59,Bình Định,26,Nhiều mây Cảm giác như 26°.,22,26,0.83,10 km,7.15 ,0,Kém
BINHDINH121020222100,12/10/2022,21:00,Bình Định,null,Nhiều mây,26,26,0.83,10 km,7.15 ,0
BINHDINH121020222200,12/10/2022,22:00,Bình Định,null,Nhiều mây,26,26,0.83,10 km,7.31 ,0
BINHDINH121020222300,12/10/2022,23:00,Bình Định,null,Mưa nhẹ,25,26,0.82,10 km,7.11 ,0
BINHDINH131020220100,13/10/2022,01:00,Bình Định,null,Mưa nhẹ,22,26,0.84,10 km,6.8 ,null
BINHDINH131020220400,13/10/2022,04:00,Bình Định,null,Mưa nhẹ,22,26,0.86,10 km,5.67 ,null
BINHDINH131020220700,13/10/2022,07:00,Bình Định,null,Mưa nhẹ,22,26,0.89,10 km,5.86 ,null
BINHDINH131020221000,13/10/2022,10:00,Bình Định,null,Mưa vừa,22,26,0.92,10 km,5.43 ,null
BINHDINH131020221300,13/10/2022,13:00,Bình Định,null,Mưa nhẹ,22,26,0.89,8.94 km,6.02 ,null
BINHDINH131020221600,13/10/2022,16:00,Bình Định,null,Mưa vừa,22,26,0.94,6.25 km,6.28 ,null
BINHDINH131020221900,13/10/2022,19:00,Bình Định,null,Mưa vừa,22,26,0.94,3.32 km,5.31 ,null
BINHDINH131020222200,13/10/2022,22:00,Bình Định,null,Mưa cường độ nặng,22,26,0.95,3.88 km,5.25 ,null
PHUYEN121020222059,12/10/2022,20:59,Phú Yên,22,Nhiều mây Cảm giác như 23°.,20,22,0.95,10 km,1.48 ,0,Kém
PHUYEN121020222100,12/10/2022,21:00,Phú Yên,null,Nhiều mây,22,23,0.95,10 km,1.48 ,0
PHUYEN121020222200,12/10/2022,22:00,Phú Yên,null,Nhiều mây,22,23,0.95,10 km,1.14 ,0
PHUYEN121020222300,12/10/2022,23:00,Phú Yên,null,Mưa nhẹ,22,23,0.95,10 km,1.25 ,0
PHUYEN131020220100,13/10/2022,01:00,Phú Yên,null,Mưa nhẹ,20,22,0.95,10 km,1.04 ,null
PHUYEN131020220400,13/10/2022,04:00,Phú Yên,null,Mưa nhẹ,20,22,0.95,10 km,1.04 ,null
PHUYEN131020220700,13/10/2022,07:00,Phú Yên,null,Mưa nhẹ,20,22,0.95,10 km,1.27 ,null
PHUYEN131020221000,13/10/2022,10:00,Phú Yên,null,Mưa nhẹ,20,22,0.96,7.51 km,1.39 ,null
PHUYEN131020221300,13/10/2022,13:00,Phú Yên,null,Mưa vừa,20,22,0.97,10 km,1.87 ,null
PHUYEN131020221600,13/10/2022,16:00,Phú Yên,null,Mưa vừa,20,22,0.98,6.05 km,2.93 ,null
PHUYEN131020221900,13/10/2022,19:00,Phú Yên,null,Mưa vừa,20,22,0.97,10 km,2.81 ,null
PHUYEN131020222200,13/10/2022,22:00,Phú Yên,null,Mưa vừa,20,22,0.98,9.91 km,2.31 ,null
KHANHHOA121020222059,12/10/2022,20:59,Khánh Hòa,27,Nhiều mây Cảm giác như 31°.,22,27,0.92,10 km,2.7 ,0,Trung bình
KHANHHOA121020222100,12/10/2022,21:00,Khánh Hòa,null,Nhiều mây,27,31,0.92,10 km,2.7 ,0
KHANHHOA121020222200,12/10/2022,22:00,Khánh Hòa,null,Nhiều mây,26,26,0.91,10 km,2.28 ,0
KHANHHOA121020222300,12/10/2022,23:00,Khánh Hòa,null,Nhiều mây,26,27,0.92,10 km,2.27 ,0
KHANHHOA131020220100,13/10/2022,01:00,Khánh Hòa,null,Mưa nhẹ,22,27,0.92,10 km,2.43 ,null
KHANHHOA131020220400,13/10/2022,04:00,Khánh Hòa,null,Nhiều mây,22,27,0.92,10 km,2.6 ,null
KHANHHOA131020220700,13/10/2022,07:00,Khánh Hòa,null,Nhiều mây,22,27,0.91,10 km,1.98 ,null
KHANHHOA131020221000,13/10/2022,10:00,Khánh Hòa,null,Mưa nhẹ,22,27,0.92,10 km,2.07 ,null
KHANHHOA131020221300,13/10/2022,13:00,Khánh Hòa,null,Mưa vừa,22,27,0.95,10 km,2.62 ,null
KHANHHOA131020221600,13/10/2022,16:00,Khánh Hòa,null,Mưa vừa,22,27,0.96,8.49 km,2.96 ,null
KHANHHOA131020221900,13/10/2022,19:00,Khánh Hòa,null,Mưa vừa,22,27,0.96,10 km,3.48 ,null
KHANHHOA131020222200,13/10/2022,22:00,Khánh Hòa,null,Mưa cường độ nặng,22,27,0.97,4.28 km,3.68 ,null
NINHTHUAN121020222059,12/10/2022,20:59,Ninh Thuận,25,Nhiều mây Cảm giác như 25°.,22,26,0.87,10 km,2.88 ,0,Khá
NINHTHUAN121020222100,12/10/2022,21:00,Ninh Thuận,null,Nhiều mây,25,25,0.87,10 km,2.88 ,0
NINHTHUAN121020222200,12/10/2022,22:00,Ninh Thuận,null,Nhiều mây,25,25,0.87,10 km,2.39 ,0
NINHTHUAN121020222300,12/10/2022,23:00,Ninh Thuận,null,Nhiều mây,24,25,0.87,10 km,2.6 ,0
NINHTHUAN131020220100,13/10/2022,01:00,Ninh Thuận,null,Nhiều mây,22,26,0.87,10 km,2.29 ,null
NINHTHUAN131020220400,13/10/2022,04:00,Ninh Thuận,null,Nhiều mây,22,26,0.85,10 km,1.62 ,null
NINHTHUAN131020220700,13/10/2022,07:00,Ninh Thuận,null,Nhiều mây,22,26,0.82,10 km,2.07 ,null
NINHTHUAN131020221000,13/10/2022,10:00,Ninh Thuận,null,Nhiều mây,22,26,0.78,10 km,2.01 ,null
NINHTHUAN131020221300,13/10/2022,13:00,Ninh Thuận,null,Mưa nhẹ,22,26,0.81,10 km,2.25 ,null
NINHTHUAN131020221600,13/10/2022,16:00,Ninh Thuận,null,Mưa nhẹ,22,26,0.89,10 km,1.37 ,null
NINHTHUAN131020221900,13/10/2022,19:00,Ninh Thuận,null,Mưa nhẹ,22,26,0.92,10 km,1.97 ,null
NINHTHUAN131020222200,13/10/2022,22:00,Ninh Thuận,null,Mưa vừa,22,26,0.97,4.9 km,3.17 ,null
BINHTHUAN121020222059,12/10/2022,20:59,Bình Thuận,22,Nhiều mây Cảm giác như 23°.,21,27,0.94,10 km,1.44 ,0,Tốt
BINHTHUAN121020222100,12/10/2022,21:00,Bình Thuận,null,Nhiều mây,22,23,0.94,10 km,1.44 ,0
BINHTHUAN121020222200,12/10/2022,22:00,Bình Thuận,null,Nhiều mây,22,23,0.95,10 km,1.29 ,0
BINHTHUAN121020222300,12/10/2022,23:00,Bình Thuận,null,Mưa vừa,22,23,0.95,10 km,1.45 ,0
BINHTHUAN131020220100,13/10/2022,01:00,Bình Thuận,null,Mưa nhẹ,21,27,0.95,10 km,1.71 ,null
BINHTHUAN131020220400,13/10/2022,04:00,Bình Thuận,null,Nhiều mây,21,27,0.93,10 km,1.6 ,null
BINHTHUAN131020220700,13/10/2022,07:00,Bình Thuận,null,Nhiều mây,21,27,0.9,10 km,1.35 ,null
BINHTHUAN131020221000,13/10/2022,10:00,Bình Thuận,null,Nhiều mây,21,27,0.71,10 km,0.14 ,null
BINHTHUAN131020221300,13/10/2022,13:00,Bình Thuận,null,Nhiều mây,21,27,0.73,10 km,0.48 ,null
BINHTHUAN131020221600,13/10/2022,16:00,Bình Thuận,null,Nhiều mây,21,27,0.81,10 km,1.58 ,null
BINHTHUAN131020221900,13/10/2022,19:00,Bình Thuận,null,Mưa nhẹ,21,27,0.86,10 km,1.72 ,null
BINHTHUAN131020222200,13/10/2022,22:00,Bình Thuận,null,Mưa nhẹ,21,27,0.96,8.24 km,1.64 ,null
KONTUM121020222059,12/10/2022,20:59,Kon Tum,20,Nhiều mây Cảm giác như 21°.,18,24,0.89,10 km,1.53 ,0,Trung bình
KONTUM121020222100,12/10/2022,21:00,Kon Tum,null,Nhiều mây,20,21,0.89,10 km,1.53 ,0
KONTUM121020222200,12/10/2022,22:00,Kon Tum,null,Nhiều mây,20,21,0.9,10 km,1.34 ,0
KONTUM121020222300,12/10/2022,23:00,Kon Tum,null,Mưa nhẹ,20,20,0.91,10 km,1.02 ,0
KONTUM131020220100,13/10/2022,01:00,Kon Tum,null,Nhiều mây,18,24,0.94,10 km,0.91 ,null
KONTUM131020220400,13/10/2022,04:00,Kon Tum,null,Mây cụm,18,24,0.95,10 km,1.11 ,null
KONTUM131020220700,13/10/2022,07:00,Kon Tum,null,Mây cụm,18,24,0.86,10 km,0.79 ,null
KONTUM131020221000,13/10/2022,10:00,Kon Tum,null,Nhiều mây,18,24,0.75,10 km,0.77 ,null
KONTUM131020221300,13/10/2022,13:00,Kon Tum,null,Nhiều mây,18,24,0.81,10 km,0.75 ,null
KONTUM131020221600,13/10/2022,16:00,Kon Tum,null,Mưa nhẹ,18,24,0.92,10 km,0.76 ,null
KONTUM131020221900,13/10/2022,19:00,Kon Tum,null,Mưa nhẹ,18,24,0.93,10 km,1.08 ,null
KONTUM131020222200,13/10/2022,22:00,Kon Tum,null,Mưa vừa,18,24,0.99,10 km,1.64 ,null
GIALAI121020222059,12/10/2022,20:59,Gia Lai,20,Nhiều mây Cảm giác như 21°.,20,21,0.96,10 km,1.09 ,0,Kém
GIALAI121020222100,12/10/2022,21:00,Gia Lai,null,Nhiều mây,20,21,0.96,10 km,1.09 ,0
GIALAI121020222200,12/10/2022,22:00,Gia Lai,null,Nhiều mây,20,21,0.95,10 km,1.02 ,0
GIALAI121020222300,12/10/2022,23:00,Gia Lai,null,Nhiều mây,20,21,0.95,10 km,0.74 ,0
GIALAI131020220100,13/10/2022,01:00,Gia Lai,null,Mưa nhẹ,20,21,0.94,10 km,1.15 ,null
GIALAI131020220400,13/10/2022,04:00,Gia Lai,null,Nhiều mây,20,21,0.93,10 km,1.45 ,null
GIALAI131020220700,13/10/2022,07:00,Gia Lai,null,Nhiều mây,20,21,0.9,10 km,1.48 ,null
GIALAI131020221000,13/10/2022,10:00,Gia Lai,null,Mưa nhẹ,20,21,0.93,10 km,1.34 ,null
GIALAI131020221300,13/10/2022,13:00,Gia Lai,null,Mưa nhẹ,20,21,0.95,8.83 km,1.12 ,null
GIALAI131020221600,13/10/2022,16:00,Gia Lai,null,Mưa vừa,20,21,0.97,10 km,1.26 ,null
GIALAI131020221900,13/10/2022,19:00,Gia Lai,null,Mưa vừa,20,21,0.98,6.28 km,1.78 ,null
GIALAI131020222200,13/10/2022,22:00,Gia Lai,null,Mưa vừa,20,21,0.98,10 km,1.11 ,null
DAKLAK121020222059,12/10/2022,20:59,Đắk Lắk,21,Nhiều mây Cảm giác như 21°.,18,23,0.91,10 km,2.85 ,0,Trung bình
DAKLAK121020222100,12/10/2022,21:00,Đắk Lắk,null,Nhiều mây,21,21,0.91,10 km,2.85 ,0
DAKLAK121020222200,12/10/2022,22:00,Đắk Lắk,null,Nhiều mây,21,21,0.92,10 km,2.47 ,0
DAKLAK121020222300,12/10/2022,23:00,Đắk Lắk,null,Nhiều mây,20,21,0.92,10 km,2.27 ,0
DAKLAK131020220100,13/10/2022,01:00,Đắk Lắk,null,Nhiều mây,18,23,0.93,10 km,1.53 ,null
DAKLAK131020220400,13/10/2022,04:00,Đắk Lắk,null,Nhiều mây,18,23,0.95,10 km,1.46 ,null
DAKLAK131020220700,13/10/2022,07:00,Đắk Lắk,null,Mây cụm,18,23,0.86,10 km,1.31 ,null
DAKLAK131020221000,13/10/2022,10:00,Đắk Lắk,null,Nhiều mây,18,23,0.78,10 km,1.85 ,null
DAKLAK131020221300,13/10/2022,13:00,Đắk Lắk,null,Mưa nhẹ,18,23,0.85,10 km,0.99 ,null
DAKLAK131020221600,13/10/2022,16:00,Đắk Lắk,null,Mưa nhẹ,18,23,0.98,10 km,0.9 ,null
DAKLAK131020221900,13/10/2022,19:00,Đắk Lắk,null,Mưa nhẹ,18,23,0.99,10 km,0.59 ,null
DAKLAK131020222200,13/10/2022,22:00,Đắk Lắk,null,Mưa vừa,18,23,1.0,3.34 km,1.27 ,null
DAKNONG121020222059,12/10/2022,20:59,Đắk Nông,21,Nhiều mây Cảm giác như 21°.,18,23,0.91,10 km,2.85 ,0,Trung bình
DAKNONG121020222100,12/10/2022,21:00,Đắk Nông,null,Nhiều mây,21,21,0.91,10 km,2.85 ,0
DAKNONG121020222200,12/10/2022,22:00,Đắk Nông,null,Nhiều mây,21,21,0.92,10 km,2.47 ,0
DAKNONG121020222300,12/10/2022,23:00,Đắk Nông,null,Nhiều mây,20,21,0.92,10 km,2.27 ,0
DAKNONG131020220100,13/10/2022,01:00,Đắk Nông,null,Nhiều mây,18,23,0.93,10 km,1.53 ,null
DAKNONG131020220400,13/10/2022,04:00,Đắk Nông,null,Nhiều mây,18,23,0.95,10 km,1.46 ,null
DAKNONG131020220700,13/10/2022,07:00,Đắk Nông,null,Mây cụm,18,23,0.86,10 km,1.31 ,null
DAKNONG131020221000,13/10/2022,10:00,Đắk Nông,null,Nhiều mây,18,23,0.78,10 km,1.85 ,null
DAKNONG131020221300,13/10/2022,13:00,Đắk Nông,null,Mưa nhẹ,18,23,0.85,10 km,0.99 ,null
DAKNONG131020221600,13/10/2022,16:00,Đắk Nông,null,Mưa nhẹ,18,23,0.98,10 km,0.9 ,null
DAKNONG131020221900,13/10/2022,19:00,Đắk Nông,null,Mưa nhẹ,18,23,0.99,10 km,0.59 ,null
DAKNONG131020222200,13/10/2022,22:00,Đắk Nông,null,Mưa vừa,18,23,1.0,3.34 km,1.27 ,null
LAMDONG121020222059,12/10/2022,20:59,Lâm Đồng,19,Mây cụm Cảm giác như 19°.,17,24,0.98,10 km,1.53 ,0,Khá
LAMDONG121020222100,12/10/2022,21:00,Lâm Đồng,null,Mây cụm,19,19,0.98,10 km,1.53 ,0
LAMDONG121020222200,12/10/2022,22:00,Lâm Đồng,null,Mây cụm,19,19,0.97,10 km,1.61 ,0
LAMDONG121020222300,12/10/2022,23:00,Lâm Đồng,null,Mây cụm,19,19,0.97,10 km,1.65 ,0
LAMDONG131020220100,13/10/2022,01:00,Lâm Đồng,null,Mây cụm,17,24,0.96,10 km,1.77 ,null
LAMDONG131020220400,13/10/2022,04:00,Lâm Đồng,null,Nhiều mây,17,24,0.96,10 km,1.58 ,null
LAMDONG131020220700,13/10/2022,07:00,Lâm Đồng,null,Nhiều mây,17,24,0.9,10 km,1.3 ,null
LAMDONG131020221000,13/10/2022,10:00,Lâm Đồng,null,Nhiều mây,17,24,0.64,10 km,0.56 ,null
LAMDONG131020221300,13/10/2022,13:00,Lâm Đồng,null,Nhiều mây,17,24,0.79,10 km,0.86 ,null
LAMDONG131020221600,13/10/2022,16:00,Lâm Đồng,null,Mưa nhẹ,17,24,0.89,10 km,1.32 ,null
LAMDONG131020221900,13/10/2022,19:00,Lâm Đồng,null,Mưa nhẹ,17,24,0.99,10 km,1.62 ,null
LAMDONG131020222200,13/10/2022,22:00,Lâm Đồng,null,Mưa vừa,17,24,0.99,10 km,1.59 ,null
BINHPHUOC121020222059,12/10/2022,20:59,Bình Phước,23,Mây cụm Cảm giác như 24°.,20,31,0.87,10 km,1.62 ,0,Khá
BINHPHUOC121020222100,12/10/2022,21:00,Bình Phước,null,Mây cụm,23,24,0.87,10 km,1.62 ,0
BINHPHUOC121020222200,12/10/2022,22:00,Bình Phước,null,Mây cụm,23,23,0.87,10 km,1.54 ,0
BINHPHUOC121020222300,12/10/2022,23:00,Bình Phước,null,Mây cụm,22,23,0.87,10 km,1.37 ,0
BINHPHUOC131020220100,13/10/2022,01:00,Bình Phước,null,Mây cụm,20,31,0.88,10 km,1.26 ,null
BINHPHUOC131020220400,13/10/2022,04:00,Bình Phước,null,Nhiều mây,20,31,0.87,10 km,1.11 ,null
BINHPHUOC131020220700,13/10/2022,07:00,Bình Phước,null,Nhiều mây,20,31,0.85,10 km,1.2 ,null
BINHPHUOC131020221000,13/10/2022,10:00,Bình Phước,null,Nhiều mây,20,31,0.59,10 km,2.58 ,null
BINHPHUOC131020221300,13/10/2022,13:00,Bình Phước,null,Mưa nhẹ,20,31,0.53,10 km,1.84 ,null
BINHPHUOC131020221600,13/10/2022,16:00,Bình Phước,null,Mưa nhẹ,20,31,0.9,10 km,1.77 ,null
BINHPHUOC131020221900,13/10/2022,19:00,Bình Phước,null,Mưa nhẹ,20,31,0.93,10 km,0.85 ,null
BINHPHUOC131020222200,13/10/2022,22:00,Bình Phước,null,Nhiều mây,20,31,0.92,10 km,1.31 ,null
TAYNINH121020222059,12/10/2022,20:59,Tây Ninh,26,Nhiều mây Cảm giác như 26°.,22,30,0.83,10 km,2.67 ,0,Kém
TAYNINH121020222100,12/10/2022,21:00,Tây Ninh,null,Nhiều mây,26,26,0.83,10 km,2.67 ,0
TAYNINH121020222200,12/10/2022,22:00,Tây Ninh,null,Nhiều mây,25,26,0.84,10 km,2.39 ,0
TAYNINH121020222300,12/10/2022,23:00,Tây Ninh,null,Mưa nhẹ,25,26,0.84,10 km,2.49 ,0
TAYNINH131020220100,13/10/2022,01:00,Tây Ninh,null,Mưa nhẹ,22,30,0.85,10 km,2.99 ,null
TAYNINH131020220400,13/10/2022,04:00,Tây Ninh,null,Nhiều mây,22,30,0.86,10 km,3.05 ,null
TAYNINH131020220700,13/10/2022,07:00,Tây Ninh,null,Nhiều mây,22,30,0.85,10 km,2.7 ,null
TAYNINH131020221000,13/10/2022,10:00,Tây Ninh,null,Nhiều mây,22,30,0.68,10 km,3.02 ,null
TAYNINH131020221300,13/10/2022,13:00,Tây Ninh,null,Nhiều mây,22,30,0.64,10 km,3.63 ,null
TAYNINH131020221600,13/10/2022,16:00,Tây Ninh,null,Nhiều mây,22,30,0.73,10 km,3.57 ,null
TAYNINH131020221900,13/10/2022,19:00,Tây Ninh,null,Mưa nhẹ,22,30,0.88,10 km,3.48 ,null
TAYNINH131020222200,13/10/2022,22:00,Tây Ninh,null,Mưa nhẹ,22,30,0.89,10 km,3.27 ,null
BINHDUONG121020222059,12/10/2022,20:59,Bình Dương,28,Mây cụm Cảm giác như 34°.,22,30,0.89,10 km,2.57 ,0,Kém
BINHDUONG121020222100,12/10/2022,21:00,Bình Dương,null,Mây cụm,29,36,0.84,10 km,1.84 ,0
BINHDUONG121020222200,12/10/2022,22:00,Bình Dương,null,Mưa nhẹ,28,33,0.85,10 km,1.73 ,0
BINHDUONG121020222300,12/10/2022,23:00,Bình Dương,null,Mưa nhẹ,27,31,0.88,10 km,1.81 ,0
BINHDUONG131020220100,13/10/2022,01:00,Bình Dương,null,Mưa nhẹ,22,30,0.91,10 km,1.76 ,null
BINHDUONG131020220400,13/10/2022,04:00,Bình Dương,null,Mưa nhẹ,22,30,0.93,10 km,1.91 ,null
BINHDUONG131020220700,13/10/2022,07:00,Bình Dương,null,Nhiều mây,22,30,0.9,10 km,2.52 ,null
BINHDUONG131020221000,13/10/2022,10:00,Bình Dương,null,Nhiều mây,22,30,0.67,10 km,4.26 ,null
BINHDUONG131020221300,13/10/2022,13:00,Bình Dương,null,Mưa nhẹ,22,30,0.67,10 km,4.67 ,null
BINHDUONG131020221600,13/10/2022,16:00,Bình Dương,null,Mưa nhẹ,22,30,0.78,10 km,4.06 ,null
BINHDUONG131020221900,13/10/2022,19:00,Bình Dương,null,Mưa nhẹ,22,30,0.88,10 km,3.38 ,null
BINHDUONG131020222200,13/10/2022,22:00,Bình Dương,null,Nhiều mây,22,30,0.91,10 km,3.38 ,null
DONGNAI121020222059,12/10/2022,20:59,Đồng Nai,28,Nhiều mây Cảm giác như 33°.,22,30,0.88,10 km,1.93 ,0,Rất kém
DONGNAI121020222100,12/10/2022,21:00,Đồng Nai,null,Nhiều mây,29,36,0.88,10 km,1.93 ,0
DONGNAI121020222200,12/10/2022,22:00,Đồng Nai,null,Mưa nhẹ,28,34,0.89,10 km,1.85 ,0
DONGNAI121020222300,12/10/2022,23:00,Đồng Nai,null,Nhiều mây,27,31,0.9,10 km,2.2 ,0
DONGNAI131020220100,13/10/2022,01:00,Đồng Nai,null,Mưa nhẹ,22,30,0.92,10 km,2 ,null
DONGNAI131020220400,13/10/2022,04:00,Đồng Nai,null,Mưa nhẹ,22,30,0.95,10 km,0.97 ,null
DONGNAI131020220700,13/10/2022,07:00,Đồng Nai,null,Nhiều mây,22,30,0.93,10 km,2.01 ,null
DONGNAI131020221000,13/10/2022,10:00,Đồng Nai,null,Nhiều mây,22,30,0.67,10 km,3.84 ,null
DONGNAI131020221300,13/10/2022,13:00,Đồng Nai,null,Mưa nhẹ,22,30,0.65,10 km,4.63 ,null
DONGNAI131020221600,13/10/2022,16:00,Đồng Nai,null,Mưa nhẹ,22,30,0.79,10 km,3.7 ,null
DONGNAI131020221900,13/10/2022,19:00,Đồng Nai,null,Mưa nhẹ,22,30,0.88,10 km,3.21 ,null
DONGNAI131020222200,13/10/2022,22:00,Đồng Nai,null,Nhiều mây,22,30,0.9,10 km,3.13 ,null
BARIA-VUNGTAU121020222059,12/10/2022,20:59,Bà Rịa - Vũng Tàu,24,Nhiều mây Cảm giác như 25°.,22,31,0.93,10 km,1.96 ,0,Rất kém
BARIA-VUNGTAU121020222100,12/10/2022,21:00,Bà Rịa - Vũng Tàu,null,Mưa nhẹ,24,25,0.93,10 km,1.96 ,0
BARIA-VUNGTAU121020222200,12/10/2022,22:00,Bà Rịa - Vũng Tàu,null,Mưa cường độ nặng,24,25,0.93,10 km,1.77 ,0
BARIA-VUNGTAU121020222300,12/10/2022,23:00,Bà Rịa - Vũng Tàu,null,Nhiều mây,24,25,0.92,10 km,1.93 ,0
BARIA-VUNGTAU131020220100,13/10/2022,01:00,Bà Rịa - Vũng Tàu,null,Mưa nhẹ,22,31,0.94,10 km,1.78 ,null
BARIA-VUNGTAU131020220400,13/10/2022,04:00,Bà Rịa - Vũng Tàu,null,Mưa nhẹ,22,31,0.95,10 km,1.76 ,null
BARIA-VUNGTAU131020220700,13/10/2022,07:00,Bà Rịa - Vũng Tàu,null,Nhiều mây,22,31,0.94,10 km,1.41 ,null
BARIA-VUNGTAU131020221000,13/10/2022,10:00,Bà Rịa - Vũng Tàu,null,Nhiều mây,22,31,0.82,10 km,1.79 ,null
BARIA-VUNGTAU131020221300,13/10/2022,13:00,Bà Rịa - Vũng Tàu,null,Nhiều mây,22,31,0.56,10 km,4.17 ,null
BARIA-VUNGTAU131020221600,13/10/2022,16:00,Bà Rịa - Vũng Tàu,null,Nhiều mây,22,31,0.75,10 km,3.72 ,null
BARIA-VUNGTAU131020221900,13/10/2022,19:00,Bà Rịa - Vũng Tàu,null,Mưa nhẹ,22,31,0.83,10 km,2.33 ,null
BARIA-VUNGTAU131020222200,13/10/2022,22:00,Bà Rịa - Vũng Tàu,null,Nhiều mây,22,31,0.85,10 km,2.82 ,null
HOCHIMINH121020222059,12/10/2022,20:59,Hồ Chí Minh,28,Mây cụm Cảm giác như 33°.,22,31,0.89,10 km,2.57 ,0,Rất kém
HOCHIMINH121020222100,12/10/2022,21:00,Hồ Chí Minh,null,Mưa nhẹ,28,33,0.89,10 km,2.67 ,0
HOCHIMINH121020222200,12/10/2022,22:00,Hồ Chí Minh,null,Mưa nhẹ,27,32,0.9,10 km,2.94 ,0
HOCHIMINH121020222300,12/10/2022,23:00,Hồ Chí Minh,null,Mưa nhẹ,26,26,0.91,10 km,2.37 ,0
HOCHIMINH131020220100,13/10/2022,01:00,Hồ Chí Minh,null,Mưa nhẹ,22,31,0.91,10 km,2.73 ,null
HOCHIMINH131020220400,13/10/2022,04:00,Hồ Chí Minh,null,Nhiều mây,22,31,0.94,10 km,2.14 ,null
HOCHIMINH131020220700,13/10/2022,07:00,Hồ Chí Minh,null,Mây cụm,22,31,0.91,10 km,2.4 ,null
HOCHIMINH131020221000,13/10/2022,10:00,Hồ Chí Minh,null,Nhiều mây,22,31,0.63,10 km,4.09 ,null
HOCHIMINH131020221300,13/10/2022,13:00,Hồ Chí Minh,null,Mưa nhẹ,22,31,0.58,10 km,4.7 ,null
HOCHIMINH131020221600,13/10/2022,16:00,Hồ Chí Minh,null,Mưa nhẹ,22,31,0.69,10 km,3.75 ,null
HOCHIMINH131020221900,13/10/2022,19:00,Hồ Chí Minh,null,Mưa nhẹ,22,31,0.86,10 km,3.14 ,null
HOCHIMINH131020222200,13/10/2022,22:00,Hồ Chí Minh,null,Nhiều mây,22,31,0.88,10 km,3.26 ,null
LONGAN121020222059,12/10/2022,20:59,Long An,26,Mưa vừa Cảm giác như 26°.,23,31,0.85,9.29 km,1.58 ,0,Kém
LONGAN121020222100,12/10/2022,21:00,Long An,null,Mưa cường độ nặng,26,26,0.85,9.29 km,1.58 ,0
LONGAN121020222200,12/10/2022,22:00,Long An,null,Mưa rất nặng,26,26,0.86,10 km,2.07 ,0
LONGAN121020222300,12/10/2022,23:00,Long An,null,Mưa nhẹ,25,26,0.88,10 km,2.08 ,0
LONGAN131020220100,13/10/2022,01:00,Long An,null,Mưa nhẹ,23,31,0.89,10 km,1.94 ,null
LONGAN131020220400,13/10/2022,04:00,Long An,null,Mưa nhẹ,23,31,0.92,10 km,2.05 ,null
LONGAN131020220700,13/10/2022,07:00,Long An,null,Nhiều mây,23,31,0.88,10 km,2.51 ,null
LONGAN131020221000,13/10/2022,10:00,Long An,null,Mây cụm,23,31,0.65,10 km,3.11 ,null
LONGAN131020221300,13/10/2022,13:00,Long An,null,Mây cụm,23,31,0.57,10 km,3.4 ,null
LONGAN131020221600,13/10/2022,16:00,Long An,null,Mưa nhẹ,23,31,0.7,10 km,2.9 ,null
LONGAN131020221900,13/10/2022,19:00,Long An,null,Mưa nhẹ,23,31,0.85,10 km,3.02 ,null
LONGAN131020222200,13/10/2022,22:00,Long An,null,Mưa nhẹ,23,31,0.9,10 km,2.75 ,null
TIENGIANG121020222059,12/10/2022,20:59,Tiền Giang,24,Mưa cường độ nặng Cảm giác như 25°.,23,31,0.96,9.01 km,2.3 ,0,Rất kém
TIENGIANG121020222100,12/10/2022,21:00,Tiền Giang,null,Mưa cường độ nặng,24,25,0.96,9.01 km,2.3 ,0
TIENGIANG121020222200,12/10/2022,22:00,Tiền Giang,null,Mưa cường độ nặng,24,25,0.96,10 km,3.05 ,0
TIENGIANG121020222300,12/10/2022,23:00,Tiền Giang,null,Mưa vừa,24,25,0.96,10 km,3.15 ,0
TIENGIANG131020220100,13/10/2022,01:00,Tiền Giang,null,Mưa nhẹ,23,31,0.97,10 km,2.26 ,null
TIENGIANG131020220400,13/10/2022,04:00,Tiền Giang,null,Nhiều mây,23,31,0.97,10 km,2.85 ,null
TIENGIANG131020220700,13/10/2022,07:00,Tiền Giang,null,Nhiều mây,23,31,0.93,10 km,2.48 ,null
TIENGIANG131020221000,13/10/2022,10:00,Tiền Giang,null,Nhiều mây,23,31,0.67,10 km,3.33 ,null
TIENGIANG131020221300,13/10/2022,13:00,Tiền Giang,null,Mưa nhẹ,23,31,0.58,10 km,3.06 ,null
TIENGIANG131020221600,13/10/2022,16:00,Tiền Giang,null,Mưa nhẹ,23,31,0.75,10 km,2 ,null
TIENGIANG131020221900,13/10/2022,19:00,Tiền Giang,null,Mưa nhẹ,23,31,0.87,10 km,2.18 ,null
TIENGIANG131020222200,13/10/2022,22:00,Tiền Giang,null,Mưa nhẹ,23,31,0.92,10 km,2.1 ,null
BENTRE121020222059,12/10/2022,20:59,Bến Tre,24,Mưa cường độ nặng Cảm giác như 25°.,23,31,0.97,10 km,1.71 ,0,Rất kém
BENTRE121020222100,12/10/2022,21:00,Bến Tre,null,Mưa cường độ nặng,24,25,0.97,10 km,1.71 ,0
BENTRE121020222200,12/10/2022,22:00,Bến Tre,null,Mưa cường độ nặng,24,25,0.96,10 km,2.66 ,0
BENTRE121020222300,12/10/2022,23:00,Bến Tre,null,Mưa nhẹ,24,25,0.96,10 km,2.85 ,0
BENTRE131020220100,13/10/2022,01:00,Bến Tre,null,Mưa nhẹ,23,31,0.97,10 km,1.99 ,null
BENTRE131020220400,13/10/2022,04:00,Bến Tre,null,Nhiều mây,23,31,0.97,10 km,2.69 ,null
BENTRE131020220700,13/10/2022,07:00,Bến Tre,null,Nhiều mây,23,31,0.95,10 km,2.37 ,null
BENTRE131020221000,13/10/2022,10:00,Bến Tre,null,Nhiều mây,23,31,0.67,10 km,3.2 ,null
BENTRE131020221300,13/10/2022,13:00,Bến Tre,null,Mưa nhẹ,23,31,0.58,10 km,3.15 ,null
BENTRE131020221600,13/10/2022,16:00,Bến Tre,null,Mưa nhẹ,23,31,0.76,10 km,1.91 ,null
BENTRE131020221900,13/10/2022,19:00,Bến Tre,null,Mưa nhẹ,23,31,0.87,10 km,1.97 ,null
BENTRE131020222200,13/10/2022,22:00,Bến Tre,null,Nhiều mây,23,31,0.93,10 km,2.02 ,null
TRAVINH121020222059,12/10/2022,20:59,Trà Vinh,25,Nhiều mây Cảm giác như 26°.,23,31,0.94,9.11 km,1.93 ,0,Rất kém
TRAVINH121020222100,12/10/2022,21:00,Trà Vinh,null,Mưa nhẹ,25,26,0.94,9.11 km,1.93 ,0
TRAVINH121020222200,12/10/2022,22:00,Trà Vinh,null,Mưa vừa,25,26,0.95,10 km,2.38 ,0
TRAVINH121020222300,12/10/2022,23:00,Trà Vinh,null,Mưa nhẹ,24,25,0.95,10 km,2.87 ,0
TRAVINH131020220100,13/10/2022,01:00,Trà Vinh,null,Mưa nhẹ,23,31,0.95,10 km,2.42 ,null
TRAVINH131020220400,13/10/2022,04:00,Trà Vinh,null,Nhiều mây,23,31,0.95,10 km,3.15 ,null
TRAVINH131020220700,13/10/2022,07:00,Trà Vinh,null,Nhiều mây,23,31,0.91,10 km,3.12 ,null
TRAVINH131020221000,13/10/2022,10:00,Trà Vinh,null,Mưa nhẹ,23,31,0.67,10 km,4.08 ,null
TRAVINH131020221300,13/10/2022,13:00,Trà Vinh,null,Nhiều mây,23,31,0.57,10 km,3.92 ,null
TRAVINH131020221600,13/10/2022,16:00,Trà Vinh,null,Mưa nhẹ,23,31,0.75,10 km,2.68 ,null
TRAVINH131020221900,13/10/2022,19:00,Trà Vinh,null,Mưa nhẹ,23,31,0.87,10 km,3 ,null
TRAVINH131020222200,13/10/2022,22:00,Trà Vinh,null,Nhiều mây,23,31,0.91,10 km,3.34 ,null
VINHLONG121020222059,12/10/2022,20:59,Vĩnh Long,26,Mưa nhẹ Cảm giác như 26°.,23,31,0.91,10 km,2.65 ,0,Kém
VINHLONG121020222100,12/10/2022,21:00,Vĩnh Long,null,Mưa vừa,25,26,0.91,10 km,2.65 ,0
VINHLONG121020222200,12/10/2022,22:00,Vĩnh Long,null,Mưa vừa,25,26,0.92,10 km,2.8 ,0
VINHLONG121020222300,12/10/2022,23:00,Vĩnh Long,null,Mưa nhẹ,25,26,0.93,10 km,3.54 ,0
VINHLONG131020220100,13/10/2022,01:00,Vĩnh Long,null,Mưa nhẹ,23,31,0.95,10 km,2.9 ,null
VINHLONG131020220400,13/10/2022,04:00,Vĩnh Long,null,Mưa nhẹ,23,31,0.95,10 km,3.2 ,null
VINHLONG131020220700,13/10/2022,07:00,Vĩnh Long,null,Nhiều mây,23,31,0.9,10 km,2.88 ,null
VINHLONG131020221000,13/10/2022,10:00,Vĩnh Long,null,Nhiều mây,23,31,0.65,10 km,3.25 ,null
VINHLONG1